,orig.ident,nCount_RNA,nFeature_RNA,cell_type,plate,batch,tech,celltype
CD141_P10_S73,CD141,17337.7043576818,5806,CD141,P10,batch1,batch1,CD141
CD141_P10_S74,CD141,15720.3842282502,4774,CD141,P10,batch1,batch1,CD141
CD141_P10_S75,CD141,17178.0388725233,5893,CD141,P10,batch1,batch1,CD141
CD141_P10_S76,CD141,14219.7218172009,4177,CD141,P10,batch1,batch1,CD141
CD141_P10_S77,CD141,17464.1525660282,6127,CD141,P10,batch1,batch1,CD141
CD141_P10_S78,CD141,19385.6630859486,6741,CD141,P10,batch1,batch1,CD141
CD141_P10_S79,CD141,16099.9898580181,6338,CD141,P10,batch1,batch1,CD141
CD141_P10_S80,CD141,16557.9003703786,6889,CD141,P10,batch1,batch1,CD141
CD141_P10_S81,CD141,16705.6631884014,6677,CD141,P10,batch1,batch1,CD141
CD141_P10_S82,CD141,18068.1727472783,6423,CD141,P10,batch1,batch1,CD141
CD141_P10_S83,CD141,10221.01483292,4166,CD141,P10,batch1,batch1,CD141
CD141_P10_S84,CD141,17627.1925027202,5977,CD141,P10,batch1,batch1,CD141
CD141_P10_S85,CD141,17127.6479204738,6192,CD141,P10,batch1,batch1,CD141
CD141_P10_S86,CD141,14232.2625333546,5047,CD141,P10,batch1,batch1,CD141
CD141_P10_S87,CD141,15523.0502027877,5703,CD141,P10,batch1,batch1,CD141
CD141_P10_S88,CD141,16018.7360236717,6240,CD141,P10,batch1,batch1,CD141
CD141_P10_S89,CD141,17819.0609986318,6716,CD141,P10,batch1,batch1,CD141
CD141_P10_S90,CD141,19281.6432596628,7119,CD141,P10,batch1,batch1,CD141
CD141_P10_S91,CD141,16814.5504131431,6734,CD141,P10,batch1,batch1,CD141
CD141_P10_S92,CD141,17251.7093851937,6910,CD141,P10,batch1,batch1,CD141
CD141_P10_S93,CD141,15675.7681560715,6156,CD141,P10,batch1,batch1,CD141
CD141_P10_S94,CD141,16883.082729047,6647,CD141,P10,batch1,batch1,CD141
CD141_P10_S95,CD141,17615.9104981342,7237,CD141,P10,batch1,batch1,CD141
CD141_P10_S96,CD141,15092.4570014316,6382,CD141,P10,batch1,batch1,CD141
CD141_P13_S49,CD141,15670.4895330309,4985,CD141,P13,batch2,batch2,CD141
CD141_P13_S50,CD141,15507.6889876639,4803,CD141,P13,batch2,batch2,CD141
CD141_P13_S51,CD141,15994.743230276,5092,CD141,P13,batch2,batch2,CD141
CD141_P13_S52,CD141,15261.3403611253,4731,CD141,P13,batch2,batch2,CD141
CD141_P13_S53,CD141,15811.9282518194,5236,CD141,P13,batch2,batch2,CD141
CD141_P13_S54,CD141,12852.3676150891,3800,CD141,P13,batch2,batch2,CD141
CD141_P13_S55,CD141,14367.2636161811,4541,CD141,P13,batch2,batch2,CD141
CD141_P13_S56,CD141,14825.9061782274,4861,CD141,P13,batch2,batch2,CD141
CD141_P13_S57,CD141,16006.5754096344,5310,CD141,P13,batch2,batch2,CD141
CD141_P13_S58,CD141,15552.272418616,4975,CD141,P13,batch2,batch2,CD141
CD141_P13_S59,CD141,16277.2992294142,5373,CD141,P13,batch2,batch2,CD141
CD141_P13_S60,CD141,14208.764960294,4767,CD141,P13,batch2,batch2,CD141
CD141_P13_S61,CD141,17144.9336758955,5741,CD141,P13,batch2,batch2,CD141
CD141_P13_S62,CD141,15850.7786108134,5163,CD141,P13,batch2,batch2,CD141
CD141_P13_S63,CD141,16870.3626319657,5565,CD141,P13,batch2,batch2,CD141
CD141_P13_S64,CD141,15745.8206105372,4837,CD141,P13,batch2,batch2,CD141
CD141_P13_S65,CD141,16191.1183289778,5451,CD141,P13,batch2,batch2,CD141
CD141_P13_S66,CD141,14284.3443664909,4001,CD141,P13,batch2,batch2,CD141
CD141_P13_S67,CD141,12700.8877633666,4162,CD141,P13,batch2,batch2,CD141
CD141_P13_S68,CD141,13403.6971111887,4160,CD141,P13,batch2,batch2,CD141
CD141_P13_S69,CD141,15177.9885016988,5192,CD141,P13,batch2,batch2,CD141
CD141_P13_S70,CD141,16672.0968237406,5449,CD141,P13,batch2,batch2,CD141
CD141_P13_S71,CD141,14841.3776112097,5401,CD141,P13,batch2,batch2,CD141
CD141_P13_S72,CD141,16042.9669657558,5147,CD141,P13,batch2,batch2,CD141
CD141_P14_S73,CD141,16636.8273524405,5059,CD141,P14,batch2,batch2,CD141
CD141_P14_S74,CD141,16836.0448589569,5383,CD141,P14,batch2,batch2,CD141
CD141_P14_S75,CD141,17729.8879005472,5680,CD141,P14,batch2,batch2,CD141
CD141_P14_S76,CD141,17530.1862506267,5428,CD141,P14,batch2,batch2,CD141
CD141_P14_S77,CD141,16173.5619013032,5077,CD141,P14,batch2,batch2,CD141
CD141_P14_S78,CD141,16781.2327847369,5161,CD141,P14,batch2,batch2,CD141
CD141_P14_S79,CD141,16247.3322963262,5037,CD141,P14,batch2,batch2,CD141
CD141_P14_S80,CD141,16188.4720042658,4978,CD141,P14,batch2,batch2,CD141
CD141_P14_S81,CD141,17026.4665558867,5060,CD141,P14,batch2,batch2,CD141
CD141_P14_S82,CD141,12881.3783035264,3609,CD141,P14,batch2,batch2,CD141
CD141_P14_S83,CD141,15390.8281908806,4398,CD141,P14,batch2,batch2,CD141
CD141_P14_S84,CD141,15736.7038873828,4860,CD141,P14,batch2,batch2,CD141
CD141_P14_S85,CD141,16487.2846304132,5245,CD141,P14,batch2,batch2,CD141
CD141_P14_S86,CD141,16243.4484125153,5089,CD141,P14,batch2,batch2,CD141
CD141_P14_S87,CD141,16116.0064429908,5033,CD141,P14,batch2,batch2,CD141
CD141_P14_S88,CD141,16237.6761485299,4858,CD141,P14,batch2,batch2,CD141
CD141_P14_S89,CD141,15807.0832199604,4727,CD141,P14,batch2,batch2,CD141
CD141_P14_S90,CD141,16446.6993513708,4986,CD141,P14,batch2,batch2,CD141
CD141_P14_S91,CD141,18037.4183872787,5387,CD141,P14,batch2,batch2,CD141
CD141_P14_S92,CD141,16460.0399273622,5078,CD141,P14,batch2,batch2,CD141
CD141_P14_S93,CD141,16924.4926588618,5085,CD141,P14,batch2,batch2,CD141
CD141_P14_S94,CD141,16083.1290186603,4986,CD141,P14,batch2,batch2,CD141
CD141_P14_S95,CD141,15666.0109221631,4829,CD141,P14,batch2,batch2,CD141
CD141_P14_S96,CD141,15512.414363201,4740,CD141,P14,batch2,batch2,CD141
CD141_P3_S10,CD141,18786.114272547,6217,CD141,P3,batch2,batch2,CD141
CD141_P3_S11,CD141,15633.4203525505,5464,CD141,P3,batch2,batch2,CD141
CD141_P3_S12,CD141,16091.8780573169,5348,CD141,P3,batch2,batch2,CD141
CD141_P3_S13,CD141,15762.875390131,4680,CD141,P3,batch2,batch2,CD141
CD141_P3_S14,CD141,14737.9231723388,4393,CD141,P3,batch2,batch2,CD141
CD141_P3_S15,CD141,14759.2662563988,4451,CD141,P3,batch2,batch2,CD141
CD141_P3_S16,CD141,15324.6110055549,4529,CD141,P3,batch2,batch2,CD141
CD141_P3_S17,CD141,15518.6352062301,4614,CD141,P3,batch2,batch2,CD141
CD141_P3_S18,CD141,17609.7094320187,4920,CD141,P3,batch2,batch2,CD141
CD141_P3_S19,CD141,15807.1537345827,4538,CD141,P3,batch2,batch2,CD141
CD141_P3_S1,CD141,15556.5853787064,4990,CD141,P3,batch2,batch2,CD141
CD141_P3_S20,CD141,14762.6667260301,4293,CD141,P3,batch2,batch2,CD141
CD141_P3_S21,CD141,15832.302972606,4745,CD141,P3,batch2,batch2,CD141
CD141_P3_S22,CD141,13974.3908954768,4045,CD141,P3,batch2,batch2,CD141
CD141_P3_S23,CD141,14446.9032660209,4442,CD141,P3,batch2,batch2,CD141
CD141_P3_S24,CD141,14975.1012165161,4542,CD141,P3,batch2,batch2,CD141
CD141_P3_S2,CD141,15346.8185717812,4810,CD141,P3,batch2,batch2,CD141
CD141_P3_S3,CD141,15997.1044500145,5136,CD141,P3,batch2,batch2,CD141
CD141_P3_S4,CD141,16433.7603181488,5364,CD141,P3,batch2,batch2,CD141
CD141_P3_S5,CD141,15439.0236135711,4867,CD141,P3,batch2,batch2,CD141
CD141_P3_S6,CD141,15746.8981886059,5015,CD141,P3,batch2,batch2,CD141
CD141_P3_S7,CD141,15525.6243190935,5138,CD141,P3,batch2,batch2,CD141
CD141_P3_S8,CD141,15564.7881871906,5349,CD141,P3,batch2,batch2,CD141
CD141_P3_S9,CD141,14578.2625427673,5141,CD141,P3,batch2,batch2,CD141
CD141_P4_S25,CD141,13470.7682301116,3968,CD141,P4,batch2,batch2,CD141
CD141_P4_S26,CD141,16477.8754441588,5455,CD141,P4,batch2,batch2,CD141
CD141_P4_S27,CD141,15596.4508676502,5194,CD141,P4,batch2,batch2,CD141
CD141_P4_S28,CD141,15587.2377586664,5018,CD141,P4,batch2,batch2,CD141
CD141_P4_S29,CD141,15441.6964667047,5282,CD141,P4,batch2,batch2,CD141
CD141_P4_S30,CD141,15713.6989851662,5205,CD141,P4,batch2,batch2,CD141
CD141_P4_S31,CD141,15977.8096829847,5086,CD141,P4,batch2,batch2,CD141
CD141_P4_S32,CD141,16483.6896826758,5271,CD141,P4,batch2,batch2,CD141
CD141_P4_S33,CD141,15708.435456875,5344,CD141,P4,batch2,batch2,CD141
CD141_P4_S34,CD141,15674.1309286055,4827,CD141,P4,batch2,batch2,CD141
CD141_P4_S35,CD141,17953.9287573435,5880,CD141,P4,batch2,batch2,CD141
CD141_P4_S36,CD141,15146.4857020016,4962,CD141,P4,batch2,batch2,CD141
CD141_P4_S37,CD141,15455.0797967431,4485,CD141,P4,batch2,batch2,CD141
CD141_P4_S38,CD141,15557.3954288246,4678,CD141,P4,batch2,batch2,CD141
CD141_P4_S39,CD141,16063.9431895524,5090,CD141,P4,batch2,batch2,CD141
CD141_P4_S40,CD141,16019.7286779804,5303,CD141,P4,batch2,batch2,CD141
CD141_P4_S41,CD141,16300.5697855447,5164,CD141,P4,batch2,batch2,CD141
CD141_P4_S42,CD141,15466.0430247397,4847,CD141,P4,batch2,batch2,CD141
CD141_P4_S43,CD141,15738.7873113896,5163,CD141,P4,batch2,batch2,CD141
CD141_P4_S44,CD141,14818.30601666,4785,CD141,P4,batch2,batch2,CD141
CD141_P4_S45,CD141,16324.2871988915,5237,CD141,P4,batch2,batch2,CD141
CD141_P4_S46,CD141,15210.8391213363,4772,CD141,P4,batch2,batch2,CD141
CD141_P4_S47,CD141,15397.6225388129,4785,CD141,P4,batch2,batch2,CD141
CD141_P4_S48,CD141,14410.2524740832,4548,CD141,P4,batch2,batch2,CD141
CD141_P7_S10,CD141,19507.9993274815,6440,CD141,P7,batch1,batch1,CD141
CD141_P7_S11,CD141,17741.0071330286,5597,CD141,P7,batch1,batch1,CD141
CD141_P7_S12,CD141,19397.5665422522,6813,CD141,P7,batch1,batch1,CD141
CD141_P7_S13,CD141,19109.1977271101,5863,CD141,P7,batch1,batch1,CD141
CD141_P7_S14,CD141,18952.834252895,6400,CD141,P7,batch1,batch1,CD141
CD141_P7_S15,CD141,19106.8687752553,6965,CD141,P7,batch1,batch1,CD141
CD141_P7_S16,CD141,19398.2309736016,6942,CD141,P7,batch1,batch1,CD141
CD141_P7_S17,CD141,25694.3110747058,10532,CD141,P7,batch1,batch1,CD141
CD141_P7_S18,CD141,21346.4715991087,7178,CD141,P7,batch1,batch1,CD141
CD141_P7_S19,CD141,18744.6462434277,6186,CD141,P7,batch1,batch1,CD141
CD141_P7_S1,CD141,18954.5534579145,5816,CD141,P7,batch1,batch1,CD141
CD141_P7_S20,CD141,17947.0142812925,6289,CD141,P7,batch1,batch1,CD141
CD141_P7_S21,CD141,19561.3857113614,7389,CD141,P7,batch1,batch1,CD141
CD141_P7_S22,CD141,20570.8463858732,6789,CD141,P7,batch1,batch1,CD141
CD141_P7_S23,CD141,19201.9353563172,6915,CD141,P7,batch1,batch1,CD141
CD141_P7_S24,CD141,17718.2428392994,7185,CD141,P7,batch1,batch1,CD141
CD141_P7_S2,CD141,17960.3994489422,6674,CD141,P7,batch1,batch1,CD141
CD141_P7_S3,CD141,19189.2567858329,6686,CD141,P7,batch1,batch1,CD141
CD141_P7_S4,CD141,19364.671762382,6797,CD141,P7,batch1,batch1,CD141
CD141_P7_S5,CD141,22983.7972980868,8404,CD141,P7,batch1,batch1,CD141
CD141_P7_S6,CD141,19611.2468292093,6942,CD141,P7,batch1,batch1,CD141
CD141_P7_S7,CD141,20871.2378660263,7020,CD141,P7,batch1,batch1,CD141
CD141_P7_S8,CD141,21568.913768145,7239,CD141,P7,batch1,batch1,CD141
CD141_P7_S9,CD141,20184.4808724276,6421,CD141,P7,batch1,batch1,CD141
CD141_P8_S25,CD141,18157.9923409837,5668,CD141,P8,batch1,batch1,CD141
CD141_P8_S26,CD141,18023.0127985152,5443,CD141,P8,batch1,batch1,CD141
CD141_P8_S27,CD141,18204.9455735324,5537,CD141,P8,batch1,batch1,CD141
CD141_P8_S28,CD141,17904.8659939128,6853,CD141,P8,batch1,batch1,CD141
CD141_P8_S30,CD141,21009.2016486132,6873,CD141,P8,batch1,batch1,CD141
CD141_P8_S31,CD141,19049.0183888526,6672,CD141,P8,batch1,batch1,CD141
CD141_P8_S32,CD141,18254.9013104211,5257,CD141,P8,batch1,batch1,CD141
CD141_P8_S33,CD141,16902.5539837897,4699,CD141,P8,batch1,batch1,CD141
CD141_P8_S34,CD141,17303.8144011224,5532,CD141,P8,batch1,batch1,CD141
CD141_P8_S35,CD141,18244.6715715907,5819,CD141,P8,batch1,batch1,CD141
CD141_P8_S36,CD141,17626.7886748301,5563,CD141,P8,batch1,batch1,CD141
CD141_P8_S37,CD141,21375.9380766573,6689,CD141,P8,batch1,batch1,CD141
CD141_P8_S38,CD141,19726.4587457062,5969,CD141,P8,batch1,batch1,CD141
CD141_P8_S39,CD141,18207.5651600505,5427,CD141,P8,batch1,batch1,CD141
CD141_P8_S40,CD141,18424.7131812623,5104,CD141,P8,batch1,batch1,CD141
CD141_P8_S42,CD141,18630.6690205151,5561,CD141,P8,batch1,batch1,CD141
CD141_P8_S43,CD141,17845.5315094166,5480,CD141,P8,batch1,batch1,CD141
CD141_P8_S44,CD141,18528.2559330316,5530,CD141,P8,batch1,batch1,CD141
CD141_P8_S45,CD141,20939.8455632718,6182,CD141,P8,batch1,batch1,CD141
CD141_P8_S46,CD141,18915.2148785316,6372,CD141,P8,batch1,batch1,CD141
CD141_P8_S47,CD141,17734.8169430444,5669,CD141,P8,batch1,batch1,CD141
CD141_P8_S48,CD141,17782.3451569281,4968,CD141,P8,batch1,batch1,CD141
CD141_P9_S49,CD141,18475.2464560433,6794,CD141,P9,batch1,batch1,CD141
CD141_P9_S50,CD141,17371.4900501573,6521,CD141,P9,batch1,batch1,CD141
CD141_P9_S51,CD141,17672.7119995865,6351,CD141,P9,batch1,batch1,CD141
CD141_P9_S52,CD141,16529.8283678266,6124,CD141,P9,batch1,batch1,CD141
CD141_P9_S53,CD141,17257.2731357179,6136,CD141,P9,batch1,batch1,CD141
CD141_P9_S54,CD141,17912.2618592008,5746,CD141,P9,batch1,batch1,CD141
CD141_P9_S55,CD141,17368.992880807,5954,CD141,P9,batch1,batch1,CD141
CD141_P9_S56,CD141,16460.2218339075,5156,CD141,P9,batch1,batch1,CD141
CD141_P9_S57,CD141,16957.7923559388,6272,CD141,P9,batch1,batch1,CD141
CD141_P9_S58,CD141,17226.8220280357,6076,CD141,P9,batch1,batch1,CD141
CD141_P9_S59,CD141,17822.1079803813,6461,CD141,P9,batch1,batch1,CD141
CD141_P9_S61,CD141,17316.1134117094,6440,CD141,P9,batch1,batch1,CD141
CD141_P9_S62,CD141,17535.2898763194,6371,CD141,P9,batch1,batch1,CD141
CD141_P9_S63,CD141,17683.9360263793,6789,CD141,P9,batch1,batch1,CD141
CD141_P9_S64,CD141,16472.1986310434,6474,CD141,P9,batch1,batch1,CD141
CD141_P9_S65,CD141,16612.5460366928,6466,CD141,P9,batch1,batch1,CD141
CD141_P9_S66,CD141,12248.0326878189,2618,CD141,P9,batch1,batch1,CD141
CD141_P9_S67,CD141,17192.3372245143,6077,CD141,P9,batch1,batch1,CD141
CD141_P9_S68,CD141,17179.0814554226,5904,CD141,P9,batch1,batch1,CD141
CD141_P9_S69,CD141,18106.708707506,6267,CD141,P9,batch1,batch1,CD141
CD141_P9_S70,CD141,17362.5573777979,6336,CD141,P9,batch1,batch1,CD141
CD141_P9_S71,CD141,16252.3567706082,5624,CD141,P9,batch1,batch1,CD141
CD141_P9_S72,CD141,14698.5501741824,5392,CD141,P9,batch1,batch1,CD141
pDC_P10_S73,pDC,19432.9106994114,6952,pDC,P10,batch1,batch1,pDC
pDC_P10_S74,pDC,17983.9952313034,6608,pDC,P10,batch1,batch1,pDC
pDC_P10_S75,pDC,17276.1936092465,6516,pDC,P10,batch1,batch1,pDC
pDC_P10_S76,pDC,18040.0926962457,6446,pDC,P10,batch1,batch1,pDC
pDC_P10_S77,pDC,18342.4392739785,6894,pDC,P10,batch1,batch1,pDC
pDC_P10_S78,pDC,17439.497092684,6202,pDC,P10,batch1,batch1,pDC
pDC_P10_S79,pDC,17426.7537514163,6467,pDC,P10,batch1,batch1,pDC
pDC_P10_S80,pDC,16717.3185584536,6460,pDC,P10,batch1,batch1,pDC
pDC_P10_S81,pDC,17550.4909261959,6560,pDC,P10,batch1,batch1,pDC
pDC_P10_S82,pDC,16943.9262291745,6326,pDC,P10,batch1,batch1,pDC
pDC_P10_S83,pDC,17019.9904396796,6495,pDC,P10,batch1,batch1,pDC
pDC_P10_S84,pDC,16085.2279408464,6181,pDC,P10,batch1,batch1,pDC
pDC_P10_S85,pDC,16986.0821108583,5261,pDC,P10,batch1,batch1,pDC
pDC_P10_S86,pDC,16796.0782349052,5589,pDC,P10,batch1,batch1,pDC
pDC_P10_S87,pDC,17752.1473271483,6465,pDC,P10,batch1,batch1,pDC
pDC_P10_S88,pDC,17738.9904919748,6739,pDC,P10,batch1,batch1,pDC
pDC_P10_S89,pDC,16678.1463569922,4951,pDC,P10,batch1,batch1,pDC
pDC_P10_S90,pDC,17903.3351537817,6004,pDC,P10,batch1,batch1,pDC
pDC_P10_S91,pDC,17708.0219597906,6274,pDC,P10,batch1,batch1,pDC
pDC_P10_S92,pDC,17109.3599828745,6652,pDC,P10,batch1,batch1,pDC
pDC_P10_S93,pDC,18383.3726021858,7159,pDC,P10,batch1,batch1,pDC
pDC_P10_S94,pDC,16647.9151083475,5737,pDC,P10,batch1,batch1,pDC
pDC_P10_S95,pDC,17403.6262869995,5934,pDC,P10,batch1,batch1,pDC
pDC_P10_S96,pDC,9387.89642235323,4334,pDC,P10,batch1,batch1,pDC
pDC_P13_S49,pDC,15756.3378579691,4801,pDC,P13,batch2,batch2,pDC
pDC_P13_S50,pDC,15019.0801764048,4631,pDC,P13,batch2,batch2,pDC
pDC_P13_S51,pDC,15811.5409040057,4766,pDC,P13,batch2,batch2,pDC
pDC_P13_S52,pDC,16153.037787784,4582,pDC,P13,batch2,batch2,pDC
pDC_P13_S53,pDC,16766.2729299787,5094,pDC,P13,batch2,batch2,pDC
pDC_P13_S54,pDC,14648.7792340914,3700,pDC,P13,batch2,batch2,pDC
pDC_P13_S55,pDC,14652.8094640443,4409,pDC,P13,batch2,batch2,pDC
pDC_P13_S56,pDC,13391.6730568651,4259,pDC,P13,batch2,batch2,pDC
pDC_P13_S57,pDC,12141.9158511049,4033,pDC,P13,batch2,batch2,pDC
pDC_P13_S58,pDC,15491.3790615065,4494,pDC,P13,batch2,batch2,pDC
pDC_P13_S59,pDC,16333.9576339011,5028,pDC,P13,batch2,batch2,pDC
pDC_P13_S60,pDC,14757.3754378305,4873,pDC,P13,batch2,batch2,pDC
pDC_P13_S61,pDC,14926.5623902613,4234,pDC,P13,batch2,batch2,pDC
pDC_P13_S62,pDC,14592.1063345109,4265,pDC,P13,batch2,batch2,pDC
pDC_P13_S63,pDC,16412.1690894209,4947,pDC,P13,batch2,batch2,pDC
pDC_P13_S64,pDC,15047.0793556838,4533,pDC,P13,batch2,batch2,pDC
pDC_P13_S65,pDC,15423.4930426872,4672,pDC,P13,batch2,batch2,pDC
pDC_P13_S66,pDC,13252.5397473349,3412,pDC,P13,batch2,batch2,pDC
pDC_P13_S67,pDC,13146.83541039,3929,pDC,P13,batch2,batch2,pDC
pDC_P13_S68,pDC,14785.020316508,4316,pDC,P13,batch2,batch2,pDC
pDC_P13_S69,pDC,15842.6948506465,4736,pDC,P13,batch2,batch2,pDC
pDC_P13_S70,pDC,14531.265259459,4467,pDC,P13,batch2,batch2,pDC
pDC_P13_S71,pDC,17655.7653280849,5618,pDC,P13,batch2,batch2,pDC
pDC_P13_S72,pDC,15588.4883433823,5085,pDC,P13,batch2,batch2,pDC
pDC_P14_S73,pDC,15919.2328319536,4566,pDC,P14,batch2,batch2,pDC
pDC_P14_S74,pDC,14951.2224514293,4356,pDC,P14,batch2,batch2,pDC
pDC_P14_S75,pDC,15978.4905293256,4893,pDC,P14,batch2,batch2,pDC
pDC_P14_S76,pDC,15461.6112876002,4463,pDC,P14,batch2,batch2,pDC
pDC_P14_S77,pDC,16179.4179817129,4673,pDC,P14,batch2,batch2,pDC
pDC_P14_S78,pDC,16037.4153975992,4779,pDC,P14,batch2,batch2,pDC
pDC_P14_S79,pDC,14850.0625599108,4305,pDC,P14,batch2,batch2,pDC
pDC_P14_S80,pDC,14926.8017198252,4116,pDC,P14,batch2,batch2,pDC
pDC_P14_S81,pDC,15691.0088014904,4609,pDC,P14,batch2,batch2,pDC
pDC_P14_S82,pDC,15301.0840537761,4318,pDC,P14,batch2,batch2,pDC
pDC_P14_S83,pDC,15624.0447428301,4756,pDC,P14,batch2,batch2,pDC
pDC_P14_S84,pDC,10032.6409042505,3091,pDC,P14,batch2,batch2,pDC
pDC_P14_S85,pDC,16645.33164316,4711,pDC,P14,batch2,batch2,pDC
pDC_P14_S86,pDC,16585.3056854812,4858,pDC,P14,batch2,batch2,pDC
pDC_P14_S87,pDC,16196.4103196191,4565,pDC,P14,batch2,batch2,pDC
pDC_P14_S88,pDC,15985.02042504,4316,pDC,P14,batch2,batch2,pDC
pDC_P14_S89,pDC,15653.741573407,4134,pDC,P14,batch2,batch2,pDC
pDC_P14_S90,pDC,16360.3898058745,4446,pDC,P14,batch2,batch2,pDC
pDC_P14_S91,pDC,14533.1269010197,3989,pDC,P14,batch2,batch2,pDC
pDC_P14_S92,pDC,15973.6586044555,4269,pDC,P14,batch2,batch2,pDC
pDC_P14_S93,pDC,15812.0722673481,4378,pDC,P14,batch2,batch2,pDC
pDC_P14_S94,pDC,14994.8813521485,4062,pDC,P14,batch2,batch2,pDC
pDC_P14_S95,pDC,15157.1693317031,4173,pDC,P14,batch2,batch2,pDC
pDC_P14_S96,pDC,15365.6262088271,4214,pDC,P14,batch2,batch2,pDC
pDC_P3_S10,pDC,13824.1852292501,3830,pDC,P3,batch2,batch2,pDC
pDC_P3_S11,pDC,13899.9795636955,3866,pDC,P3,batch2,batch2,pDC
pDC_P3_S12,pDC,14778.8671583854,4342,pDC,P3,batch2,batch2,pDC
pDC_P3_S13,pDC,14671.7558149437,3958,pDC,P3,batch2,batch2,pDC
pDC_P3_S14,pDC,14698.0500526737,3780,pDC,P3,batch2,batch2,pDC
pDC_P3_S15,pDC,15562.741749197,4244,pDC,P3,batch2,batch2,pDC
pDC_P3_S16,pDC,14276.3751223964,3859,pDC,P3,batch2,batch2,pDC
pDC_P3_S17,pDC,14654.7867980388,3877,pDC,P3,batch2,batch2,pDC
pDC_P3_S18,pDC,13613.6815990286,3461,pDC,P3,batch2,batch2,pDC
pDC_P3_S19,pDC,14746.9279053927,4046,pDC,P3,batch2,batch2,pDC
pDC_P3_S1,pDC,13463.6898809584,3542,pDC,P3,batch2,batch2,pDC
pDC_P3_S20,pDC,14203.9111456797,3913,pDC,P3,batch2,batch2,pDC
pDC_P3_S21,pDC,14140.9655550195,3779,pDC,P3,batch2,batch2,pDC
pDC_P3_S22,pDC,14862.9098034358,4018,pDC,P3,batch2,batch2,pDC
pDC_P3_S23,pDC,14266.4142044984,3938,pDC,P3,batch2,batch2,pDC
pDC_P3_S24,pDC,14391.8923533745,4329,pDC,P3,batch2,batch2,pDC
pDC_P3_S2,pDC,14584.0862781884,4075,pDC,P3,batch2,batch2,pDC
pDC_P3_S3,pDC,14968.8689128334,4306,pDC,P3,batch2,batch2,pDC
pDC_P3_S4,pDC,14640.3370433005,3888,pDC,P3,batch2,batch2,pDC
pDC_P3_S5,pDC,15238.7667293252,3974,pDC,P3,batch2,batch2,pDC
pDC_P3_S6,pDC,14061.4957649975,3651,pDC,P3,batch2,batch2,pDC
pDC_P3_S7,pDC,14040.3302960223,3899,pDC,P3,batch2,batch2,pDC
pDC_P3_S8,pDC,15201.8366594883,4162,pDC,P3,batch2,batch2,pDC
pDC_P3_S9,pDC,13643.8348428219,3801,pDC,P3,batch2,batch2,pDC
pDC_P4_S25,pDC,14300.6693999592,3945,pDC,P4,batch2,batch2,pDC
pDC_P4_S26,pDC,15491.2250050418,4415,pDC,P4,batch2,batch2,pDC
pDC_P4_S27,pDC,12177.4838661376,3078,pDC,P4,batch2,batch2,pDC
pDC_P4_S28,pDC,13703.2390037029,3965,pDC,P4,batch2,batch2,pDC
pDC_P4_S29,pDC,15140.7278382422,4223,pDC,P4,batch2,batch2,pDC
pDC_P4_S30,pDC,15646.8849347215,4558,pDC,P4,batch2,batch2,pDC
pDC_P4_S31,pDC,15410.8805363279,4350,pDC,P4,batch2,batch2,pDC
pDC_P4_S32,pDC,14995.8422025592,4249,pDC,P4,batch2,batch2,pDC
pDC_P4_S33,pDC,16226.071173619,4807,pDC,P4,batch2,batch2,pDC
pDC_P4_S34,pDC,14903.1813344907,4452,pDC,P4,batch2,batch2,pDC
pDC_P4_S35,pDC,14907.6515629195,4316,pDC,P4,batch2,batch2,pDC
pDC_P4_S36,pDC,15096.4557332551,4442,pDC,P4,batch2,batch2,pDC
pDC_P4_S37,pDC,10610.3062527801,3150,pDC,P4,batch2,batch2,pDC
pDC_P4_S38,pDC,15172.7544841963,4220,pDC,P4,batch2,batch2,pDC
pDC_P4_S39,pDC,12935.9490820245,3083,pDC,P4,batch2,batch2,pDC
pDC_P4_S40,pDC,16257.4058418818,4464,pDC,P4,batch2,batch2,pDC
pDC_P4_S41,pDC,15665.1480261573,4344,pDC,P4,batch2,batch2,pDC
pDC_P4_S42,pDC,15538.774495732,4365,pDC,P4,batch2,batch2,pDC
pDC_P4_S43,pDC,7389.12522542315,1926,pDC,P4,batch2,batch2,pDC
pDC_P4_S44,pDC,15631.0499411251,4377,pDC,P4,batch2,batch2,pDC
pDC_P4_S45,pDC,15232.2290564728,4340,pDC,P4,batch2,batch2,pDC
pDC_P4_S46,pDC,12885.5486866861,3804,pDC,P4,batch2,batch2,pDC
pDC_P4_S47,pDC,15128.989103793,4360,pDC,P4,batch2,batch2,pDC
pDC_P4_S48,pDC,14395.413983552,4206,pDC,P4,batch2,batch2,pDC
pDC_P7_S10,pDC,18961.2360343647,6221,pDC,P7,batch1,batch1,pDC
pDC_P7_S11,pDC,18374.2138300012,6134,pDC,P7,batch1,batch1,pDC
pDC_P7_S12,pDC,19543.0216604179,7272,pDC,P7,batch1,batch1,pDC
pDC_P7_S13,pDC,19057.7978567743,5405,pDC,P7,batch1,batch1,pDC
pDC_P7_S14,pDC,19911.9658845958,6950,pDC,P7,batch1,batch1,pDC
pDC_P7_S15,pDC,19367.7220111559,6809,pDC,P7,batch1,batch1,pDC
pDC_P7_S16,pDC,19013.6511350922,6860,pDC,P7,batch1,batch1,pDC
pDC_P7_S17,pDC,24049.4588902397,8018,pDC,P7,batch1,batch1,pDC
pDC_P7_S18,pDC,19343.1133885913,5636,pDC,P7,batch1,batch1,pDC
pDC_P7_S19,pDC,20442.2436740218,6412,pDC,P7,batch1,batch1,pDC
pDC_P7_S1,pDC,18776.4240441013,5338,pDC,P7,batch1,batch1,pDC
pDC_P7_S20,pDC,18766.2205032408,6547,pDC,P7,batch1,batch1,pDC
pDC_P7_S21,pDC,20330.5541339914,6883,pDC,P7,batch1,batch1,pDC
pDC_P7_S22,pDC,19636.7154986324,6329,pDC,P7,batch1,batch1,pDC
pDC_P7_S23,pDC,18354.3985983292,6112,pDC,P7,batch1,batch1,pDC
pDC_P7_S24,pDC,19591.3328795883,6967,pDC,P7,batch1,batch1,pDC
pDC_P7_S2,pDC,20238.4224000892,6372,pDC,P7,batch1,batch1,pDC
pDC_P7_S3,pDC,19791.7447453461,6530,pDC,P7,batch1,batch1,pDC
pDC_P7_S4,pDC,19281.5286336524,6870,pDC,P7,batch1,batch1,pDC
pDC_P7_S5,pDC,24065.1875174849,8345,pDC,P7,batch1,batch1,pDC
pDC_P7_S6,pDC,20252.5221514315,6664,pDC,P7,batch1,batch1,pDC
pDC_P7_S7,pDC,20065.2806286879,6058,pDC,P7,batch1,batch1,pDC
pDC_P7_S8,pDC,18690.7897984769,6723,pDC,P7,batch1,batch1,pDC
pDC_P7_S9,pDC,18332.4413719931,7152,pDC,P7,batch1,batch1,pDC
pDC_P8_S25,pDC,19488.8092795238,6481,pDC,P8,batch1,batch1,pDC
pDC_P8_S26,pDC,19442.9429698434,6074,pDC,P8,batch1,batch1,pDC
pDC_P8_S27,pDC,18248.1534098852,5831,pDC,P8,batch1,batch1,pDC
pDC_P8_S28,pDC,18785.1503463129,6130,pDC,P8,batch1,batch1,pDC
pDC_P8_S30,pDC,17526.5556336647,5450,pDC,P8,batch1,batch1,pDC
pDC_P8_S31,pDC,17406.7496607806,6110,pDC,P8,batch1,batch1,pDC
pDC_P8_S32,pDC,19482.9042680982,5668,pDC,P8,batch1,batch1,pDC
pDC_P8_S33,pDC,17892.1730111302,4588,pDC,P8,batch1,batch1,pDC
pDC_P8_S34,pDC,17674.8036846798,5498,pDC,P8,batch1,batch1,pDC
pDC_P8_S35,pDC,17825.1773535317,5196,pDC,P8,batch1,batch1,pDC
pDC_P8_S36,pDC,17761.3676686313,4620,pDC,P8,batch1,batch1,pDC
pDC_P8_S37,pDC,20193.8703464235,5675,pDC,P8,batch1,batch1,pDC
pDC_P8_S38,pDC,20358.9283877568,5602,pDC,P8,batch1,batch1,pDC
pDC_P8_S39,pDC,18213.9875379366,5288,pDC,P8,batch1,batch1,pDC
pDC_P8_S40,pDC,17803.6115276826,5563,pDC,P8,batch1,batch1,pDC
pDC_P8_S42,pDC,18812.9251359542,5566,pDC,P8,batch1,batch1,pDC
pDC_P8_S43,pDC,3138.09715321869,1456,pDC,P8,batch1,batch1,pDC
pDC_P8_S44,pDC,18211.298259802,4500,pDC,P8,batch1,batch1,pDC
pDC_P8_S45,pDC,16420.3990663653,3892,pDC,P8,batch1,batch1,pDC
pDC_P8_S46,pDC,18692.2497017151,5100,pDC,P8,batch1,batch1,pDC
pDC_P8_S47,pDC,18239.8552775596,4659,pDC,P8,batch1,batch1,pDC
pDC_P8_S48,pDC,17879.2313047609,4825,pDC,P8,batch1,batch1,pDC
pDC_P9_S49,pDC,17442.4498999145,6506,pDC,P9,batch1,batch1,pDC
pDC_P9_S50,pDC,17909.0292675078,6611,pDC,P9,batch1,batch1,pDC
pDC_P9_S51,pDC,17696.3647775654,6026,pDC,P9,batch1,batch1,pDC
pDC_P9_S52,pDC,16335.370088418,6286,pDC,P9,batch1,batch1,pDC
pDC_P9_S53,pDC,13438.9765387435,5486,pDC,P9,batch1,batch1,pDC
pDC_P9_S54,pDC,16290.6728572413,5882,pDC,P9,batch1,batch1,pDC
pDC_P9_S55,pDC,15176.6399467911,5293,pDC,P9,batch1,batch1,pDC
pDC_P9_S56,pDC,15588.915517836,5133,pDC,P9,batch1,batch1,pDC
pDC_P9_S57,pDC,17176.1170639271,5556,pDC,P9,batch1,batch1,pDC
pDC_P9_S58,pDC,16731.8932835151,5304,pDC,P9,batch1,batch1,pDC
pDC_P9_S59,pDC,16448.3020810134,6290,pDC,P9,batch1,batch1,pDC
pDC_P9_S60,pDC,16130.4312314834,5912,pDC,P9,batch1,batch1,pDC
pDC_P9_S61,pDC,17308.5209380296,6429,pDC,P9,batch1,batch1,pDC
pDC_P9_S62,pDC,12336.6597956265,4361,pDC,P9,batch1,batch1,pDC
pDC_P9_S63,pDC,17623.8200444003,6248,pDC,P9,batch1,batch1,pDC
pDC_P9_S64,pDC,15773.3236081621,4988,pDC,P9,batch1,batch1,pDC
pDC_P9_S65,pDC,17411.3520865658,6291,pDC,P9,batch1,batch1,pDC
pDC_P9_S66,pDC,17345.5310066911,5913,pDC,P9,batch1,batch1,pDC
pDC_P9_S67,pDC,17855.1226421327,5943,pDC,P9,batch1,batch1,pDC
pDC_P9_S68,pDC,17096.5824609279,5820,pDC,P9,batch1,batch1,pDC
pDC_P9_S69,pDC,17558.5220437212,5645,pDC,P9,batch1,batch1,pDC
pDC_P9_S70,pDC,14735.8920647447,5215,pDC,P9,batch1,batch1,pDC
pDC_P9_S71,pDC,17689.3462628456,5476,pDC,P9,batch1,batch1,pDC
pDC_P9_S72,pDC,16990.5608373107,5944,pDC,P9,batch1,batch1,pDC
DoubleNeg_P10_S73,DoubleNeg,15728.8141484695,6040,DoubleNeg,P10,batch1,batch1,DoubleNeg
DoubleNeg_P10_S74,DoubleNeg,17390.4857879947,6309,DoubleNeg,P10,batch1,batch1,DoubleNeg
DoubleNeg_P10_S75,DoubleNeg,15456.530925093,6332,DoubleNeg,P10,batch1,batch1,DoubleNeg
DoubleNeg_P10_S76,DoubleNeg,15345.6046621067,6137,DoubleNeg,P10,batch1,batch1,DoubleNeg
DoubleNeg_P10_S77,DoubleNeg,17090.5582853907,6684,DoubleNeg,P10,batch1,batch1,DoubleNeg
DoubleNeg_P10_S78,DoubleNeg,15951.2059833979,5469,DoubleNeg,P10,batch1,batch1,DoubleNeg
DoubleNeg_P10_S79,DoubleNeg,11263.5606419047,5781,DoubleNeg,P10,batch1,batch1,DoubleNeg
DoubleNeg_P10_S80,DoubleNeg,17685.041478459,6877,DoubleNeg,P10,batch1,batch1,DoubleNeg
DoubleNeg_P10_S81,DoubleNeg,18308.6646419515,6658,DoubleNeg,P10,batch1,batch1,DoubleNeg
DoubleNeg_P10_S82,DoubleNeg,16634.1345610144,6776,DoubleNeg,P10,batch1,batch1,DoubleNeg
DoubleNeg_P10_S83,DoubleNeg,17479.0643766277,6581,DoubleNeg,P10,batch1,batch1,DoubleNeg
DoubleNeg_P10_S84,DoubleNeg,16527.005722202,7013,DoubleNeg,P10,batch1,batch1,DoubleNeg
DoubleNeg_P10_S85,DoubleNeg,15207.0516086397,5297,DoubleNeg,P10,batch1,batch1,DoubleNeg
DoubleNeg_P10_S86,DoubleNeg,16488.8989908456,6014,DoubleNeg,P10,batch1,batch1,DoubleNeg
DoubleNeg_P10_S87,DoubleNeg,17184.9558962717,6399,DoubleNeg,P10,batch1,batch1,DoubleNeg
DoubleNeg_P10_S88,DoubleNeg,16217.432578584,6125,DoubleNeg,P10,batch1,batch1,DoubleNeg
DoubleNeg_P10_S89,DoubleNeg,17030.2241183229,5887,DoubleNeg,P10,batch1,batch1,DoubleNeg
DoubleNeg_P10_S90,DoubleNeg,6699.36311063978,4457,DoubleNeg,P10,batch1,batch1,DoubleNeg
DoubleNeg_P10_S91,DoubleNeg,14942.8773459781,4880,DoubleNeg,P10,batch1,batch1,DoubleNeg
DoubleNeg_P10_S92,DoubleNeg,9016.50568096743,5136,DoubleNeg,P10,batch1,batch1,DoubleNeg
DoubleNeg_P10_S93,DoubleNeg,17268.2852060347,6150,DoubleNeg,P10,batch1,batch1,DoubleNeg
DoubleNeg_P10_S94,DoubleNeg,15296.6724946575,6342,DoubleNeg,P10,batch1,batch1,DoubleNeg
DoubleNeg_P10_S95,DoubleNeg,16225.8781933657,5921,DoubleNeg,P10,batch1,batch1,DoubleNeg
DoubleNeg_P10_S96,DoubleNeg,14226.3509878889,5490,DoubleNeg,P10,batch1,batch1,DoubleNeg
DoubleNeg_P13_S49,DoubleNeg,13667.3511902158,4648,DoubleNeg,P13,batch2,batch2,DoubleNeg
DoubleNeg_P13_S50,DoubleNeg,15250.3590802293,4767,DoubleNeg,P13,batch2,batch2,DoubleNeg
DoubleNeg_P13_S51,DoubleNeg,16696.1346067376,5227,DoubleNeg,P13,batch2,batch2,DoubleNeg
DoubleNeg_P13_S52,DoubleNeg,15304.5930017337,4861,DoubleNeg,P13,batch2,batch2,DoubleNeg
DoubleNeg_P13_S53,DoubleNeg,15772.6360479253,5118,DoubleNeg,P13,batch2,batch2,DoubleNeg
DoubleNeg_P13_S54,DoubleNeg,14530.2529019135,3882,DoubleNeg,P13,batch2,batch2,DoubleNeg
DoubleNeg_P13_S55,DoubleNeg,11980.5036162285,4232,DoubleNeg,P13,batch2,batch2,DoubleNeg
DoubleNeg_P13_S56,DoubleNeg,15067.1181937594,4823,DoubleNeg,P13,batch2,batch2,DoubleNeg
DoubleNeg_P13_S57,DoubleNeg,16225.0819841051,5064,DoubleNeg,P13,batch2,batch2,DoubleNeg
DoubleNeg_P13_S58,DoubleNeg,15902.480375244,5109,DoubleNeg,P13,batch2,batch2,DoubleNeg
DoubleNeg_P13_S59,DoubleNeg,16133.8018341396,4921,DoubleNeg,P13,batch2,batch2,DoubleNeg
DoubleNeg_P13_S60,DoubleNeg,14883.4701710309,5127,DoubleNeg,P13,batch2,batch2,DoubleNeg
DoubleNeg_P13_S61,DoubleNeg,12314.296573845,4613,DoubleNeg,P13,batch2,batch2,DoubleNeg
DoubleNeg_P13_S62,DoubleNeg,10751.226556719,3947,DoubleNeg,P13,batch2,batch2,DoubleNeg
DoubleNeg_P13_S63,DoubleNeg,13526.8377584464,4432,DoubleNeg,P13,batch2,batch2,DoubleNeg
DoubleNeg_P13_S64,DoubleNeg,11899.2847247696,3109,DoubleNeg,P13,batch2,batch2,DoubleNeg
DoubleNeg_P13_S65,DoubleNeg,14839.6302201749,4877,DoubleNeg,P13,batch2,batch2,DoubleNeg
DoubleNeg_P13_S66,DoubleNeg,13293.1878798646,3473,DoubleNeg,P13,batch2,batch2,DoubleNeg
DoubleNeg_P13_S67,DoubleNeg,14903.4125000221,4362,DoubleNeg,P13,batch2,batch2,DoubleNeg
DoubleNeg_P13_S68,DoubleNeg,14405.0120653952,4248,DoubleNeg,P13,batch2,batch2,DoubleNeg
DoubleNeg_P13_S69,DoubleNeg,14741.0658136106,4775,DoubleNeg,P13,batch2,batch2,DoubleNeg
DoubleNeg_P13_S70,DoubleNeg,15954.2649296127,4801,DoubleNeg,P13,batch2,batch2,DoubleNeg
DoubleNeg_P13_S71,DoubleNeg,15385.9642187913,4916,DoubleNeg,P13,batch2,batch2,DoubleNeg
DoubleNeg_P13_S72,DoubleNeg,15389.763876649,4985,DoubleNeg,P13,batch2,batch2,DoubleNeg
DoubleNeg_P14_S73,DoubleNeg,14699.2608992887,3656,DoubleNeg,P14,batch2,batch2,DoubleNeg
DoubleNeg_P14_S74,DoubleNeg,15084.895391431,4137,DoubleNeg,P14,batch2,batch2,DoubleNeg
DoubleNeg_P14_S75,DoubleNeg,14071.5784076451,3824,DoubleNeg,P14,batch2,batch2,DoubleNeg
DoubleNeg_P14_S76,DoubleNeg,14367.8895781682,3892,DoubleNeg,P14,batch2,batch2,DoubleNeg
DoubleNeg_P14_S77,DoubleNeg,15622.8918304611,4403,DoubleNeg,P14,batch2,batch2,DoubleNeg
DoubleNeg_P14_S78,DoubleNeg,14996.224593577,4181,DoubleNeg,P14,batch2,batch2,DoubleNeg
DoubleNeg_P14_S79,DoubleNeg,15202.665461266,4465,DoubleNeg,P14,batch2,batch2,DoubleNeg
DoubleNeg_P14_S80,DoubleNeg,14230.7890942408,3726,DoubleNeg,P14,batch2,batch2,DoubleNeg
DoubleNeg_P14_S81,DoubleNeg,15141.8455249514,4055,DoubleNeg,P14,batch2,batch2,DoubleNeg
DoubleNeg_P14_S82,DoubleNeg,13422.9463569397,3328,DoubleNeg,P14,batch2,batch2,DoubleNeg
DoubleNeg_P14_S83,DoubleNeg,16086.1569802709,4390,DoubleNeg,P14,batch2,batch2,DoubleNeg
DoubleNeg_P14_S84,DoubleNeg,15758.7787099606,4231,DoubleNeg,P14,batch2,batch2,DoubleNeg
DoubleNeg_P14_S85,DoubleNeg,15637.9031758963,4253,DoubleNeg,P14,batch2,batch2,DoubleNeg
DoubleNeg_P14_S86,DoubleNeg,15168.1614776364,4623,DoubleNeg,P14,batch2,batch2,DoubleNeg
DoubleNeg_P14_S87,DoubleNeg,16679.7532923612,5044,DoubleNeg,P14,batch2,batch2,DoubleNeg
DoubleNeg_P14_S88,DoubleNeg,14219.5007954076,4120,DoubleNeg,P14,batch2,batch2,DoubleNeg
DoubleNeg_P14_S89,DoubleNeg,14391.9347732473,3771,DoubleNeg,P14,batch2,batch2,DoubleNeg
DoubleNeg_P14_S90,DoubleNeg,15263.8214553203,4280,DoubleNeg,P14,batch2,batch2,DoubleNeg
DoubleNeg_P14_S91,DoubleNeg,12912.4658415414,3633,DoubleNeg,P14,batch2,batch2,DoubleNeg
DoubleNeg_P14_S92,DoubleNeg,15224.9080354433,4312,DoubleNeg,P14,batch2,batch2,DoubleNeg
DoubleNeg_P14_S93,DoubleNeg,16487.4970098209,4842,DoubleNeg,P14,batch2,batch2,DoubleNeg
DoubleNeg_P14_S94,DoubleNeg,16387.5070427091,4586,DoubleNeg,P14,batch2,batch2,DoubleNeg
DoubleNeg_P14_S95,DoubleNeg,16309.9604012857,5107,DoubleNeg,P14,batch2,batch2,DoubleNeg
DoubleNeg_P3_S10,DoubleNeg,14522.0622591322,4047,DoubleNeg,P3,batch2,batch2,DoubleNeg
DoubleNeg_P3_S12,DoubleNeg,11962.7977180277,3577,DoubleNeg,P3,batch2,batch2,DoubleNeg
DoubleNeg_P3_S13,DoubleNeg,14866.6080247024,4496,DoubleNeg,P3,batch2,batch2,DoubleNeg
DoubleNeg_P3_S14,DoubleNeg,14588.6527502048,4412,DoubleNeg,P3,batch2,batch2,DoubleNeg
DoubleNeg_P3_S15,DoubleNeg,13254.9806071188,4122,DoubleNeg,P3,batch2,batch2,DoubleNeg
DoubleNeg_P3_S16,DoubleNeg,14741.926382639,4028,DoubleNeg,P3,batch2,batch2,DoubleNeg
DoubleNeg_P3_S17,DoubleNeg,14622.5263611915,4266,DoubleNeg,P3,batch2,batch2,DoubleNeg
DoubleNeg_P3_S18,DoubleNeg,12848.2454548566,3582,DoubleNeg,P3,batch2,batch2,DoubleNeg
DoubleNeg_P3_S19,DoubleNeg,14169.607697747,3820,DoubleNeg,P3,batch2,batch2,DoubleNeg
DoubleNeg_P3_S1,DoubleNeg,14441.0217169089,3946,DoubleNeg,P3,batch2,batch2,DoubleNeg
DoubleNeg_P3_S20,DoubleNeg,15558.6627157494,4533,DoubleNeg,P3,batch2,batch2,DoubleNeg
DoubleNeg_P3_S21,DoubleNeg,14904.5146010842,4648,DoubleNeg,P3,batch2,batch2,DoubleNeg
DoubleNeg_P3_S22,DoubleNeg,14400.4195146878,4205,DoubleNeg,P3,batch2,batch2,DoubleNeg
DoubleNeg_P3_S23,DoubleNeg,14671.4438843916,4194,DoubleNeg,P3,batch2,batch2,DoubleNeg
DoubleNeg_P3_S24,DoubleNeg,14674.0542213827,4247,DoubleNeg,P3,batch2,batch2,DoubleNeg
DoubleNeg_P3_S2,DoubleNeg,13376.5656695899,3334,DoubleNeg,P3,batch2,batch2,DoubleNeg
DoubleNeg_P3_S3,DoubleNeg,14682.0430954166,3848,DoubleNeg,P3,batch2,batch2,DoubleNeg
DoubleNeg_P3_S4,DoubleNeg,14849.2582625186,3970,DoubleNeg,P3,batch2,batch2,DoubleNeg
DoubleNeg_P3_S5,DoubleNeg,14919.0261802137,4161,DoubleNeg,P3,batch2,batch2,DoubleNeg
DoubleNeg_P3_S7,DoubleNeg,14767.1860525589,3952,DoubleNeg,P3,batch2,batch2,DoubleNeg
DoubleNeg_P3_S8,DoubleNeg,14432.0588655993,3886,DoubleNeg,P3,batch2,batch2,DoubleNeg
DoubleNeg_P3_S9,DoubleNeg,14743.7003672568,4132,DoubleNeg,P3,batch2,batch2,DoubleNeg
DoubleNeg_P4_S25,DoubleNeg,14122.4348177886,4121,DoubleNeg,P4,batch2,batch2,DoubleNeg
DoubleNeg_P4_S26,DoubleNeg,14915.5456448589,4209,DoubleNeg,P4,batch2,batch2,DoubleNeg
DoubleNeg_P4_S27,DoubleNeg,12174.0898654484,3449,DoubleNeg,P4,batch2,batch2,DoubleNeg
DoubleNeg_P4_S28,DoubleNeg,16194.4185374327,4623,DoubleNeg,P4,batch2,batch2,DoubleNeg
DoubleNeg_P4_S29,DoubleNeg,11380.2134023395,3195,DoubleNeg,P4,batch2,batch2,DoubleNeg
DoubleNeg_P4_S30,DoubleNeg,13694.8091319363,3887,DoubleNeg,P4,batch2,batch2,DoubleNeg
DoubleNeg_P4_S31,DoubleNeg,15024.1321265076,4235,DoubleNeg,P4,batch2,batch2,DoubleNeg
DoubleNeg_P4_S32,DoubleNeg,14976.9057772036,4380,DoubleNeg,P4,batch2,batch2,DoubleNeg
DoubleNeg_P4_S33,DoubleNeg,12459.2459797054,3429,DoubleNeg,P4,batch2,batch2,DoubleNeg
DoubleNeg_P4_S34,DoubleNeg,15058.6059922185,4216,DoubleNeg,P4,batch2,batch2,DoubleNeg
DoubleNeg_P4_S35,DoubleNeg,12575.4414796938,3510,DoubleNeg,P4,batch2,batch2,DoubleNeg
DoubleNeg_P4_S36,DoubleNeg,12912.2016377789,3575,DoubleNeg,P4,batch2,batch2,DoubleNeg
DoubleNeg_P4_S37,DoubleNeg,13574.8577348338,4177,DoubleNeg,P4,batch2,batch2,DoubleNeg
DoubleNeg_P4_S38,DoubleNeg,14401.9383365362,4135,DoubleNeg,P4,batch2,batch2,DoubleNeg
DoubleNeg_P4_S39,DoubleNeg,15009.4290008719,4628,DoubleNeg,P4,batch2,batch2,DoubleNeg
DoubleNeg_P4_S40,DoubleNeg,14823.7636883419,4256,DoubleNeg,P4,batch2,batch2,DoubleNeg
DoubleNeg_P4_S41,DoubleNeg,14264.4346167686,4108,DoubleNeg,P4,batch2,batch2,DoubleNeg
DoubleNeg_P4_S42,DoubleNeg,13117.7238616375,3388,DoubleNeg,P4,batch2,batch2,DoubleNeg
DoubleNeg_P4_S43,DoubleNeg,15140.3691943716,4675,DoubleNeg,P4,batch2,batch2,DoubleNeg
DoubleNeg_P4_S44,DoubleNeg,13012.5394894256,4183,DoubleNeg,P4,batch2,batch2,DoubleNeg
DoubleNeg_P4_S45,DoubleNeg,15000.3336561777,4397,DoubleNeg,P4,batch2,batch2,DoubleNeg
DoubleNeg_P4_S46,DoubleNeg,14633.0337132543,4317,DoubleNeg,P4,batch2,batch2,DoubleNeg
DoubleNeg_P4_S47,DoubleNeg,13117.3580213369,3580,DoubleNeg,P4,batch2,batch2,DoubleNeg
DoubleNeg_P4_S48,DoubleNeg,15532.4041529609,4782,DoubleNeg,P4,batch2,batch2,DoubleNeg
DoubleNeg_P7_S10,DoubleNeg,18867.2555569377,6562,DoubleNeg,P7,batch1,batch1,DoubleNeg
DoubleNeg_P7_S11,DoubleNeg,18076.3996793729,7008,DoubleNeg,P7,batch1,batch1,DoubleNeg
DoubleNeg_P7_S12,DoubleNeg,18723.0707417924,7088,DoubleNeg,P7,batch1,batch1,DoubleNeg
DoubleNeg_P7_S13,DoubleNeg,18490.6650053022,5809,DoubleNeg,P7,batch1,batch1,DoubleNeg
DoubleNeg_P7_S14,DoubleNeg,19653.8003992025,7624,DoubleNeg,P7,batch1,batch1,DoubleNeg
DoubleNeg_P7_S15,DoubleNeg,19224.9752161072,6689,DoubleNeg,P7,batch1,batch1,DoubleNeg
DoubleNeg_P7_S16,DoubleNeg,17635.6931642517,6434,DoubleNeg,P7,batch1,batch1,DoubleNeg
DoubleNeg_P7_S17,DoubleNeg,21076.34318711,7785,DoubleNeg,P7,batch1,batch1,DoubleNeg
DoubleNeg_P7_S18,DoubleNeg,18892.114648981,6705,DoubleNeg,P7,batch1,batch1,DoubleNeg
DoubleNeg_P7_S19,DoubleNeg,18907.1896193339,6478,DoubleNeg,P7,batch1,batch1,DoubleNeg
DoubleNeg_P7_S1,DoubleNeg,18243.927697541,5026,DoubleNeg,P7,batch1,batch1,DoubleNeg
DoubleNeg_P7_S20,DoubleNeg,18098.9516845008,6476,DoubleNeg,P7,batch1,batch1,DoubleNeg
DoubleNeg_P7_S21,DoubleNeg,18484.3149292531,6918,DoubleNeg,P7,batch1,batch1,DoubleNeg
DoubleNeg_P7_S22,DoubleNeg,19105.8971833696,7912,DoubleNeg,P7,batch1,batch1,DoubleNeg
DoubleNeg_P7_S23,DoubleNeg,17896.260579064,5923,DoubleNeg,P7,batch1,batch1,DoubleNeg
DoubleNeg_P7_S24,DoubleNeg,10346.9926799682,6502,DoubleNeg,P7,batch1,batch1,DoubleNeg
DoubleNeg_P7_S2,DoubleNeg,18909.9048213818,6756,DoubleNeg,P7,batch1,batch1,DoubleNeg
DoubleNeg_P7_S3,DoubleNeg,19444.8408310327,6790,DoubleNeg,P7,batch1,batch1,DoubleNeg
DoubleNeg_P7_S4,DoubleNeg,19284.616276148,7161,DoubleNeg,P7,batch1,batch1,DoubleNeg
DoubleNeg_P7_S5,DoubleNeg,22709.8915399189,7893,DoubleNeg,P7,batch1,batch1,DoubleNeg
DoubleNeg_P7_S6,DoubleNeg,18388.6747025318,6712,DoubleNeg,P7,batch1,batch1,DoubleNeg
DoubleNeg_P7_S7,DoubleNeg,18592.0764617104,6362,DoubleNeg,P7,batch1,batch1,DoubleNeg
DoubleNeg_P7_S8,DoubleNeg,17363.3963902433,6325,DoubleNeg,P7,batch1,batch1,DoubleNeg
DoubleNeg_P7_S9,DoubleNeg,18864.5897394578,7072,DoubleNeg,P7,batch1,batch1,DoubleNeg
DoubleNeg_P8_S25,DoubleNeg,17654.8028810915,5686,DoubleNeg,P8,batch1,batch1,DoubleNeg
DoubleNeg_P8_S26,DoubleNeg,19208.795132201,6687,DoubleNeg,P8,batch1,batch1,DoubleNeg
DoubleNeg_P8_S27,DoubleNeg,18390.3404086446,5729,DoubleNeg,P8,batch1,batch1,DoubleNeg
DoubleNeg_P8_S28,DoubleNeg,17392.0871163371,5090,DoubleNeg,P8,batch1,batch1,DoubleNeg
DoubleNeg_P8_S30,DoubleNeg,16980.5492409937,4791,DoubleNeg,P8,batch1,batch1,DoubleNeg
DoubleNeg_P8_S31,DoubleNeg,15826.7671153055,4699,DoubleNeg,P8,batch1,batch1,DoubleNeg
DoubleNeg_P8_S32,DoubleNeg,17325.8996042597,6044,DoubleNeg,P8,batch1,batch1,DoubleNeg
DoubleNeg_P8_S33,DoubleNeg,17229.5060514199,4544,DoubleNeg,P8,batch1,batch1,DoubleNeg
DoubleNeg_P8_S34,DoubleNeg,17008.2848881347,4710,DoubleNeg,P8,batch1,batch1,DoubleNeg
DoubleNeg_P8_S35,DoubleNeg,17520.8721734965,4573,DoubleNeg,P8,batch1,batch1,DoubleNeg
DoubleNeg_P8_S36,DoubleNeg,17481.5830781587,6167,DoubleNeg,P8,batch1,batch1,DoubleNeg
DoubleNeg_P8_S37,DoubleNeg,19425.926239602,6380,DoubleNeg,P8,batch1,batch1,DoubleNeg
DoubleNeg_P8_S38,DoubleNeg,18199.6088737177,6552,DoubleNeg,P8,batch1,batch1,DoubleNeg
DoubleNeg_P8_S39,DoubleNeg,17203.4859403382,4391,DoubleNeg,P8,batch1,batch1,DoubleNeg
DoubleNeg_P8_S40,DoubleNeg,17789.2380165107,5583,DoubleNeg,P8,batch1,batch1,DoubleNeg
DoubleNeg_P8_S42,DoubleNeg,17242.5989987777,4499,DoubleNeg,P8,batch1,batch1,DoubleNeg
DoubleNeg_P8_S43,DoubleNeg,16458.7113558217,6109,DoubleNeg,P8,batch1,batch1,DoubleNeg
DoubleNeg_P8_S44,DoubleNeg,17190.7431001378,4989,DoubleNeg,P8,batch1,batch1,DoubleNeg
DoubleNeg_P8_S45,DoubleNeg,17720.2228730896,5821,DoubleNeg,P8,batch1,batch1,DoubleNeg
DoubleNeg_P8_S46,DoubleNeg,18099.7164044543,5379,DoubleNeg,P8,batch1,batch1,DoubleNeg
DoubleNeg_P8_S47,DoubleNeg,18441.9380507134,5695,DoubleNeg,P8,batch1,batch1,DoubleNeg
DoubleNeg_P8_S48,DoubleNeg,17049.0454014214,6016,DoubleNeg,P8,batch1,batch1,DoubleNeg
DoubleNeg_P9_S49,DoubleNeg,16127.7131581208,5479,DoubleNeg,P9,batch1,batch1,DoubleNeg
DoubleNeg_P9_S50,DoubleNeg,16136.8253341288,5205,DoubleNeg,P9,batch1,batch1,DoubleNeg
DoubleNeg_P9_S51,DoubleNeg,15517.4882982857,5767,DoubleNeg,P9,batch1,batch1,DoubleNeg
DoubleNeg_P9_S52,DoubleNeg,15628.1013042223,4722,DoubleNeg,P9,batch1,batch1,DoubleNeg
DoubleNeg_P9_S54,DoubleNeg,14657.0703971598,4450,DoubleNeg,P9,batch1,batch1,DoubleNeg
DoubleNeg_P9_S55,DoubleNeg,17628.5854186515,6189,DoubleNeg,P9,batch1,batch1,DoubleNeg
DoubleNeg_P9_S56,DoubleNeg,16886.3358464852,5537,DoubleNeg,P9,batch1,batch1,DoubleNeg
DoubleNeg_P9_S57,DoubleNeg,6995.35357375179,4576,DoubleNeg,P9,batch1,batch1,DoubleNeg
DoubleNeg_P9_S58,DoubleNeg,15184.8703168261,4953,DoubleNeg,P9,batch1,batch1,DoubleNeg
DoubleNeg_P9_S59,DoubleNeg,17745.9863606037,6373,DoubleNeg,P9,batch1,batch1,DoubleNeg
DoubleNeg_P9_S60,DoubleNeg,15723.2232811425,5293,DoubleNeg,P9,batch1,batch1,DoubleNeg
DoubleNeg_P9_S61,DoubleNeg,17104.3998778566,5170,DoubleNeg,P9,batch1,batch1,DoubleNeg
DoubleNeg_P9_S63,DoubleNeg,16143.6492973106,5461,DoubleNeg,P9,batch1,batch1,DoubleNeg
DoubleNeg_P9_S64,DoubleNeg,16902.1275640921,4565,DoubleNeg,P9,batch1,batch1,DoubleNeg
DoubleNeg_P9_S65,DoubleNeg,14576.0699603663,4276,DoubleNeg,P9,batch1,batch1,DoubleNeg
DoubleNeg_P9_S66,DoubleNeg,16333.9067594903,4988,DoubleNeg,P9,batch1,batch1,DoubleNeg
DoubleNeg_P9_S67,DoubleNeg,16000.8280914453,5036,DoubleNeg,P9,batch1,batch1,DoubleNeg
DoubleNeg_P9_S68,DoubleNeg,16745.7332935587,5640,DoubleNeg,P9,batch1,batch1,DoubleNeg
DoubleNeg_P9_S69,DoubleNeg,15526.4636039322,4513,DoubleNeg,P9,batch1,batch1,DoubleNeg
DoubleNeg_P9_S70,DoubleNeg,15900.8120253872,4535,DoubleNeg,P9,batch1,batch1,DoubleNeg
DoubleNeg_P9_S71,DoubleNeg,15686.8514830601,5270,DoubleNeg,P9,batch1,batch1,DoubleNeg
DoubleNeg_P9_S72,DoubleNeg,14525.7514142476,4733,DoubleNeg,P9,batch1,batch1,DoubleNeg
CD1C_P10_S73,CD1C,16225.2835199883,5058,CD1C,P10,batch1,batch1,CD1C
CD1C_P10_S74,CD1C,16589.4517452605,5648,CD1C,P10,batch1,batch1,CD1C
CD1C_P10_S75,CD1C,17423.6270878992,5808,CD1C,P10,batch1,batch1,CD1C
CD1C_P10_S76,CD1C,16320.1987325156,5415,CD1C,P10,batch1,batch1,CD1C
CD1C_P10_S77,CD1C,16661.1094057955,5592,CD1C,P10,batch1,batch1,CD1C
CD1C_P10_S78,CD1C,16362.930769537,4920,CD1C,P10,batch1,batch1,CD1C
CD1C_P10_S79,CD1C,17258.3663442222,6122,CD1C,P10,batch1,batch1,CD1C
CD1C_P10_S80,CD1C,17190.1140241293,5892,CD1C,P10,batch1,batch1,CD1C
CD1C_P10_S81,CD1C,17718.9864338631,6726,CD1C,P10,batch1,batch1,CD1C
CD1C_P10_S82,CD1C,16260.1470863657,5618,CD1C,P10,batch1,batch1,CD1C
CD1C_P10_S83,CD1C,16079.2726343685,5204,CD1C,P10,batch1,batch1,CD1C
CD1C_P10_S84,CD1C,18043.1143908423,6709,CD1C,P10,batch1,batch1,CD1C
CD1C_P10_S85,CD1C,31167.4157988081,12454,CD1C,P10,batch1,batch1,CD1C
CD1C_P10_S86,CD1C,17257.5955271156,6414,CD1C,P10,batch1,batch1,CD1C
CD1C_P10_S87,CD1C,18392.786376034,7176,CD1C,P10,batch1,batch1,CD1C
CD1C_P10_S88,CD1C,17686.6210916778,6665,CD1C,P10,batch1,batch1,CD1C
CD1C_P10_S89,CD1C,16948.1754663446,6407,CD1C,P10,batch1,batch1,CD1C
CD1C_P10_S90,CD1C,12135.143945073,5835,CD1C,P10,batch1,batch1,CD1C
CD1C_P10_S91,CD1C,17533.6293559464,6835,CD1C,P10,batch1,batch1,CD1C
CD1C_P10_S92,CD1C,18663.3014705574,7210,CD1C,P10,batch1,batch1,CD1C
CD1C_P10_S93,CD1C,17871.3580905334,7032,CD1C,P10,batch1,batch1,CD1C
CD1C_P10_S94,CD1C,16927.9614327842,6792,CD1C,P10,batch1,batch1,CD1C
CD1C_P10_S95,CD1C,16894.5242804392,6214,CD1C,P10,batch1,batch1,CD1C
CD1C_P10_S96,CD1C,16201.1073089099,6458,CD1C,P10,batch1,batch1,CD1C
CD1C_P13_S49,CD1C,14976.0844202109,4786,CD1C,P13,batch2,batch2,CD1C
CD1C_P13_S50,CD1C,17847.6862399413,5481,CD1C,P13,batch2,batch2,CD1C
CD1C_P13_S51,CD1C,13656.5279650411,4389,CD1C,P13,batch2,batch2,CD1C
CD1C_P13_S52,CD1C,14286.9013070525,4383,CD1C,P13,batch2,batch2,CD1C
CD1C_P13_S53,CD1C,15475.0177672507,4872,CD1C,P13,batch2,batch2,CD1C
CD1C_P13_S54,CD1C,14652.239807148,4073,CD1C,P13,batch2,batch2,CD1C
CD1C_P13_S55,CD1C,12334.2314724145,3918,CD1C,P13,batch2,batch2,CD1C
CD1C_P13_S56,CD1C,14286.5135930493,4317,CD1C,P13,batch2,batch2,CD1C
CD1C_P13_S57,CD1C,15973.1273806653,5052,CD1C,P13,batch2,batch2,CD1C
CD1C_P13_S58,CD1C,16105.9452007111,5045,CD1C,P13,batch2,batch2,CD1C
CD1C_P13_S59,CD1C,16571.3087180647,5498,CD1C,P13,batch2,batch2,CD1C
CD1C_P13_S60,CD1C,15434.2978716634,5014,CD1C,P13,batch2,batch2,CD1C
CD1C_P13_S61,CD1C,29030.5979564807,10268,CD1C,P13,batch2,batch2,CD1C
CD1C_P13_S62,CD1C,15451.1604097295,4650,CD1C,P13,batch2,batch2,CD1C
CD1C_P13_S63,CD1C,16915.6714059615,5347,CD1C,P13,batch2,batch2,CD1C
CD1C_P13_S64,CD1C,15392.791339177,4454,CD1C,P13,batch2,batch2,CD1C
CD1C_P13_S65,CD1C,16294.1860021451,4880,CD1C,P13,batch2,batch2,CD1C
CD1C_P13_S66,CD1C,14877.2976955854,4226,CD1C,P13,batch2,batch2,CD1C
CD1C_P13_S67,CD1C,14401.0281271102,4287,CD1C,P13,batch2,batch2,CD1C
CD1C_P13_S68,CD1C,14075.4193196737,4651,CD1C,P13,batch2,batch2,CD1C
CD1C_P13_S69,CD1C,16166.065326151,5149,CD1C,P13,batch2,batch2,CD1C
CD1C_P13_S70,CD1C,13915.5467353653,3490,CD1C,P13,batch2,batch2,CD1C
CD1C_P13_S71,CD1C,15251.486439872,5004,CD1C,P13,batch2,batch2,CD1C
CD1C_P13_S72,CD1C,14854.0785558546,4750,CD1C,P13,batch2,batch2,CD1C
CD1C_P14_S73,CD1C,16017.7490045767,4714,CD1C,P14,batch2,batch2,CD1C
CD1C_P14_S74,CD1C,14790.7137188659,3917,CD1C,P14,batch2,batch2,CD1C
CD1C_P14_S75,CD1C,14917.7360264739,4297,CD1C,P14,batch2,batch2,CD1C
CD1C_P14_S76,CD1C,15397.7197596163,4479,CD1C,P14,batch2,batch2,CD1C
CD1C_P14_S77,CD1C,15221.4875337482,4384,CD1C,P14,batch2,batch2,CD1C
CD1C_P14_S78,CD1C,12985.7474956923,3245,CD1C,P14,batch2,batch2,CD1C
CD1C_P14_S79,CD1C,16644.5499975158,5000,CD1C,P14,batch2,batch2,CD1C
CD1C_P14_S80,CD1C,15082.1346095842,4127,CD1C,P14,batch2,batch2,CD1C
CD1C_P14_S81,CD1C,15668.7295709747,4493,CD1C,P14,batch2,batch2,CD1C
CD1C_P14_S82,CD1C,15523.5418663325,4540,CD1C,P14,batch2,batch2,CD1C
CD1C_P14_S83,CD1C,14255.856347197,4091,CD1C,P14,batch2,batch2,CD1C
CD1C_P14_S84,CD1C,14762.8747760034,4236,CD1C,P14,batch2,batch2,CD1C
CD1C_P14_S85,CD1C,24963.1966226364,9880,CD1C,P14,batch2,batch2,CD1C
CD1C_P14_S86,CD1C,17467.5410280821,5380,CD1C,P14,batch2,batch2,CD1C
CD1C_P14_S87,CD1C,14523.4455710564,4635,CD1C,P14,batch2,batch2,CD1C
CD1C_P14_S88,CD1C,16374.3519388777,4969,CD1C,P14,batch2,batch2,CD1C
CD1C_P14_S89,CD1C,15088.7136935309,4634,CD1C,P14,batch2,batch2,CD1C
CD1C_P14_S90,CD1C,14626.1121701638,4256,CD1C,P14,batch2,batch2,CD1C
CD1C_P14_S91,CD1C,14240.729142693,3934,CD1C,P14,batch2,batch2,CD1C
CD1C_P14_S92,CD1C,13980.019237045,4030,CD1C,P14,batch2,batch2,CD1C
CD1C_P14_S93,CD1C,16176.3297577116,4666,CD1C,P14,batch2,batch2,CD1C
CD1C_P14_S94,CD1C,14666.7587030558,4002,CD1C,P14,batch2,batch2,CD1C
CD1C_P14_S95,CD1C,14962.7717613918,4248,CD1C,P14,batch2,batch2,CD1C
CD1C_P14_S96,CD1C,15612.7441118406,4648,CD1C,P14,batch2,batch2,CD1C
CD1C_P3_S10,CD1C,15041.3995192492,4296,CD1C,P3,batch2,batch2,CD1C
CD1C_P3_S11,CD1C,14535.1786868524,3807,CD1C,P3,batch2,batch2,CD1C
CD1C_P3_S12,CD1C,14433.044449202,4187,CD1C,P3,batch2,batch2,CD1C
CD1C_P3_S13,CD1C,21779.1732542831,7698,CD1C,P3,batch2,batch2,CD1C
CD1C_P3_S14,CD1C,14728.9029866842,4327,CD1C,P3,batch2,batch2,CD1C
CD1C_P3_S15,CD1C,14905.3909353754,4358,CD1C,P3,batch2,batch2,CD1C
CD1C_P3_S16,CD1C,14279.4110574817,4088,CD1C,P3,batch2,batch2,CD1C
CD1C_P3_S17,CD1C,15758.5038074656,4380,CD1C,P3,batch2,batch2,CD1C
CD1C_P3_S18,CD1C,15664.2909920527,4242,CD1C,P3,batch2,batch2,CD1C
CD1C_P3_S19,CD1C,15556.8897400871,4103,CD1C,P3,batch2,batch2,CD1C
CD1C_P3_S1,CD1C,13948.2684189119,3726,CD1C,P3,batch2,batch2,CD1C
CD1C_P3_S20,CD1C,14680.8939324798,3899,CD1C,P3,batch2,batch2,CD1C
CD1C_P3_S21,CD1C,13254.4006370831,3501,CD1C,P3,batch2,batch2,CD1C
CD1C_P3_S22,CD1C,15287.1920226488,4103,CD1C,P3,batch2,batch2,CD1C
CD1C_P3_S23,CD1C,16197.3665305197,4566,CD1C,P3,batch2,batch2,CD1C
CD1C_P3_S24,CD1C,13734.0536413873,3736,CD1C,P3,batch2,batch2,CD1C
CD1C_P3_S2,CD1C,14409.7393706867,4369,CD1C,P3,batch2,batch2,CD1C
CD1C_P3_S3,CD1C,15093.546396154,4331,CD1C,P3,batch2,batch2,CD1C
CD1C_P3_S4,CD1C,14755.8568073793,4200,CD1C,P3,batch2,batch2,CD1C
CD1C_P3_S5,CD1C,15863.9178222917,4328,CD1C,P3,batch2,batch2,CD1C
CD1C_P3_S6,CD1C,15036.2707884869,4119,CD1C,P3,batch2,batch2,CD1C
CD1C_P3_S7,CD1C,14226.5458822047,3710,CD1C,P3,batch2,batch2,CD1C
CD1C_P3_S8,CD1C,14198.530786019,4034,CD1C,P3,batch2,batch2,CD1C
CD1C_P4_S25,CD1C,16145.99442376,4860,CD1C,P4,batch2,batch2,CD1C
CD1C_P4_S26,CD1C,15980.4157260203,4897,CD1C,P4,batch2,batch2,CD1C
CD1C_P4_S27,CD1C,14647.8407893376,4300,CD1C,P4,batch2,batch2,CD1C
CD1C_P4_S28,CD1C,13879.0469276885,3976,CD1C,P4,batch2,batch2,CD1C
CD1C_P4_S29,CD1C,13284.1921052157,3792,CD1C,P4,batch2,batch2,CD1C
CD1C_P4_S30,CD1C,15851.6834146871,4548,CD1C,P4,batch2,batch2,CD1C
CD1C_P4_S31,CD1C,13576.8726110489,3817,CD1C,P4,batch2,batch2,CD1C
CD1C_P4_S32,CD1C,14766.0859987854,4431,CD1C,P4,batch2,batch2,CD1C
CD1C_P4_S34,CD1C,14677.0670755714,4398,CD1C,P4,batch2,batch2,CD1C
CD1C_P4_S35,CD1C,15356.9138553726,4553,CD1C,P4,batch2,batch2,CD1C
CD1C_P4_S36,CD1C,14882.265023184,4469,CD1C,P4,batch2,batch2,CD1C
CD1C_P4_S37,CD1C,21343.1792977527,8667,CD1C,P4,batch2,batch2,CD1C
CD1C_P4_S38,CD1C,15050.155247661,4287,CD1C,P4,batch2,batch2,CD1C
CD1C_P4_S39,CD1C,14888.9019891078,4492,CD1C,P4,batch2,batch2,CD1C
CD1C_P4_S40,CD1C,15097.5270015213,4526,CD1C,P4,batch2,batch2,CD1C
CD1C_P4_S41,CD1C,15216.2529435899,4305,CD1C,P4,batch2,batch2,CD1C
CD1C_P4_S42,CD1C,13786.1526159756,3889,CD1C,P4,batch2,batch2,CD1C
CD1C_P4_S43,CD1C,14806.8429830778,4292,CD1C,P4,batch2,batch2,CD1C
CD1C_P4_S44,CD1C,15010.4513248402,4350,CD1C,P4,batch2,batch2,CD1C
CD1C_P4_S45,CD1C,13428.2163652659,3720,CD1C,P4,batch2,batch2,CD1C
CD1C_P4_S46,CD1C,12934.934890496,3604,CD1C,P4,batch2,batch2,CD1C
CD1C_P4_S47,CD1C,14418.1023764267,4250,CD1C,P4,batch2,batch2,CD1C
CD1C_P4_S48,CD1C,14111.2050941437,4113,CD1C,P4,batch2,batch2,CD1C
CD1C_P7_S10,CD1C,19307.8361645043,6418,CD1C,P7,batch1,batch1,CD1C
CD1C_P7_S11,CD1C,17115.4994012445,5828,CD1C,P7,batch1,batch1,CD1C
CD1C_P7_S12,CD1C,19390.6196851904,7007,CD1C,P7,batch1,batch1,CD1C
CD1C_P7_S13,CD1C,29194.0920417592,12833,CD1C,P7,batch1,batch1,CD1C
CD1C_P7_S14,CD1C,19760.4382922315,6349,CD1C,P7,batch1,batch1,CD1C
CD1C_P7_S15,CD1C,19255.564187726,6447,CD1C,P7,batch1,batch1,CD1C
CD1C_P7_S16,CD1C,18733.1066126101,7011,CD1C,P7,batch1,batch1,CD1C
CD1C_P7_S17,CD1C,21752.5759413643,8312,CD1C,P7,batch1,batch1,CD1C
CD1C_P7_S18,CD1C,19845.4021306124,6326,CD1C,P7,batch1,batch1,CD1C
CD1C_P7_S19,CD1C,19061.3857951737,5929,CD1C,P7,batch1,batch1,CD1C
CD1C_P7_S1,CD1C,18819.2161880532,5698,CD1C,P7,batch1,batch1,CD1C
CD1C_P7_S20,CD1C,17928.9466344388,6567,CD1C,P7,batch1,batch1,CD1C
CD1C_P7_S21,CD1C,20862.2930098785,6983,CD1C,P7,batch1,batch1,CD1C
CD1C_P7_S22,CD1C,20077.7409691153,6292,CD1C,P7,batch1,batch1,CD1C
CD1C_P7_S23,CD1C,18388.1378646889,6157,CD1C,P7,batch1,batch1,CD1C
CD1C_P7_S24,CD1C,19829.536941863,7463,CD1C,P7,batch1,batch1,CD1C
CD1C_P7_S2,CD1C,18950.0809682226,7131,CD1C,P7,batch1,batch1,CD1C
CD1C_P7_S3,CD1C,18374.182683631,6589,CD1C,P7,batch1,batch1,CD1C
CD1C_P7_S4,CD1C,16984.534398041,6871,CD1C,P7,batch1,batch1,CD1C
CD1C_P7_S5,CD1C,22590.8795414816,8860,CD1C,P7,batch1,batch1,CD1C
CD1C_P7_S6,CD1C,19172.6598406619,6703,CD1C,P7,batch1,batch1,CD1C
CD1C_P7_S7,CD1C,19667.2162634208,7069,CD1C,P7,batch1,batch1,CD1C
CD1C_P7_S8,CD1C,19427.2175976999,7422,CD1C,P7,batch1,batch1,CD1C
CD1C_P7_S9,CD1C,18083.2456019624,6476,CD1C,P7,batch1,batch1,CD1C
CD1C_P8_S25,CD1C,17193.7748113842,5358,CD1C,P8,batch1,batch1,CD1C
CD1C_P8_S26,CD1C,18340.2529486948,5997,CD1C,P8,batch1,batch1,CD1C
CD1C_P8_S27,CD1C,15903.9949692114,4395,CD1C,P8,batch1,batch1,CD1C
CD1C_P8_S28,CD1C,19276.809659791,5721,CD1C,P8,batch1,batch1,CD1C
CD1C_P8_S30,CD1C,17480.1806068275,5619,CD1C,P8,batch1,batch1,CD1C
CD1C_P8_S31,CD1C,17476.1871157924,6497,CD1C,P8,batch1,batch1,CD1C
CD1C_P8_S32,CD1C,17382.272466957,6381,CD1C,P8,batch1,batch1,CD1C
CD1C_P8_S33,CD1C,18066.6527381734,5784,CD1C,P8,batch1,batch1,CD1C
CD1C_P8_S34,CD1C,11659.8751622752,6055,CD1C,P8,batch1,batch1,CD1C
CD1C_P8_S35,CD1C,16712.5342541287,4335,CD1C,P8,batch1,batch1,CD1C
CD1C_P8_S36,CD1C,17678.8158984307,4909,CD1C,P8,batch1,batch1,CD1C
CD1C_P8_S37,CD1C,30218.7524718642,12863,CD1C,P8,batch1,batch1,CD1C
CD1C_P8_S38,CD1C,19852.0201499,5990,CD1C,P8,batch1,batch1,CD1C
CD1C_P8_S39,CD1C,19170.8482086168,6424,CD1C,P8,batch1,batch1,CD1C
CD1C_P8_S40,CD1C,19151.8313903637,5954,CD1C,P8,batch1,batch1,CD1C
CD1C_P8_S42,CD1C,18235.1659379237,6138,CD1C,P8,batch1,batch1,CD1C
CD1C_P8_S43,CD1C,18928.6054228441,5898,CD1C,P8,batch1,batch1,CD1C
CD1C_P8_S44,CD1C,17386.1536414673,4938,CD1C,P8,batch1,batch1,CD1C
CD1C_P8_S45,CD1C,19173.9251298497,6468,CD1C,P8,batch1,batch1,CD1C
CD1C_P8_S46,CD1C,18063.4716148771,5749,CD1C,P8,batch1,batch1,CD1C
CD1C_P8_S47,CD1C,17010.6577846242,4491,CD1C,P8,batch1,batch1,CD1C
CD1C_P8_S48,CD1C,22710.7157252002,8303,CD1C,P8,batch1,batch1,CD1C
CD1C_P9_S49,CD1C,13247.2332688318,5803,CD1C,P9,batch1,batch1,CD1C
CD1C_P9_S50,CD1C,16869.7161222065,5493,CD1C,P9,batch1,batch1,CD1C
CD1C_P9_S51,CD1C,16169.9099761111,5547,CD1C,P9,batch1,batch1,CD1C
CD1C_P9_S52,CD1C,15230.3871741884,4947,CD1C,P9,batch1,batch1,CD1C
CD1C_P9_S53,CD1C,15776.6840091311,4970,CD1C,P9,batch1,batch1,CD1C
CD1C_P9_S54,CD1C,17144.7885509028,5906,CD1C,P9,batch1,batch1,CD1C
CD1C_P9_S55,CD1C,17389.8376128953,5891,CD1C,P9,batch1,batch1,CD1C
CD1C_P9_S56,CD1C,17247.3226981861,6071,CD1C,P9,batch1,batch1,CD1C
CD1C_P9_S57,CD1C,16459.8329637588,5652,CD1C,P9,batch1,batch1,CD1C
CD1C_P9_S58,CD1C,16267.5097531839,4447,CD1C,P9,batch1,batch1,CD1C
CD1C_P9_S59,CD1C,17116.5740750195,6222,CD1C,P9,batch1,batch1,CD1C
CD1C_P9_S60,CD1C,15437.8502899653,5344,CD1C,P9,batch1,batch1,CD1C
CD1C_P9_S61,CD1C,28208.4470956394,12603,CD1C,P9,batch1,batch1,CD1C
CD1C_P9_S62,CD1C,16998.9665553931,5667,CD1C,P9,batch1,batch1,CD1C
CD1C_P9_S63,CD1C,17527.7164329587,6265,CD1C,P9,batch1,batch1,CD1C
CD1C_P9_S64,CD1C,17403.6782673328,5903,CD1C,P9,batch1,batch1,CD1C
CD1C_P9_S65,CD1C,16395.2052120537,6222,CD1C,P9,batch1,batch1,CD1C
CD1C_P9_S66,CD1C,17773.2356265073,6413,CD1C,P9,batch1,batch1,CD1C
CD1C_P9_S67,CD1C,18423.7424374956,6044,CD1C,P9,batch1,batch1,CD1C
CD1C_P9_S68,CD1C,17063.813636677,5935,CD1C,P9,batch1,batch1,CD1C
CD1C_P9_S69,CD1C,17058.4553087424,6395,CD1C,P9,batch1,batch1,CD1C
CD1C_P9_S70,CD1C,18483.096489435,6083,CD1C,P9,batch1,batch1,CD1C
CD1C_P9_S71,CD1C,17261.3712802374,5870,CD1C,P9,batch1,batch1,CD1C
CD1C_P9_S72,CD1C,17475.9699775942,6164,CD1C,P9,batch1,batch1,CD1C
